Open,High,Low,Close,target,politica,exterior,ecologia,economia,social
3708.85,3717.66,3660.83,3681.68,0,0.174577,0.170407,0.173346,0.168217,0.179141
